Wall time,Step,Value
1722892427.3757832,38,0.7033720016479492
1722901522.837113,39,0.7178708910942078
1722910953.5378516,40,0.7721190452575684
1722920156.1796958,41,0.837946891784668
1722931164.0295396,42,0.8928751945495605
1722942982.893475,43,0.9213616847991943
1722956126.1095388,44,0.9282718896865845
1722967701.7185585,45,0.9278969168663025
1722981613.2824,46,0.912653923034668
1722995754.1283367,47,0.8759832382202148
1723009187.4426854,48,0.8219209313392639
1723020805.0225585,49,0.7770186066627502
